name_1,Mye,SC,BEN,GMV,NR
Mye,,0.4884236453201971,0.528356418366234,0.4481818064299288,0.43268722711977525
SC,0.4884236453201971,,0.9259597426852044,0.5352684742158427,0.6458954714547733
BEN,0.528356418366234,0.9259597426852044,,0.4955856594614098,0.675875876838636
GMV,0.4481818064299288,0.5352684742158427,0.4955856594614098,,0.6225729240942046
NR,0.43268722711977525,0.6458954714547733,0.675875876838636,0.6225729240942046,
